city_name,month,total_passengers,repeat_passengers,monthly_repeat_passenger_rate,city_repeat_passenger_rate
Chandigarh,January,4640,720,15.52,21.16
Chandigarh,February,4957,853,17.21,21.16
Chandigarh,June,3297,867,26.3,21.16
Chandigarh,June,3297,867,26.3,21.16
Chandigarh,June,3297,867,26.3,21.16
Chandigarh,June,3297,867,26.3,21.16
Chandigarh,June,3297,867,26.3,21.16
Chandigarh,April,3285,789,24.02,21.16
Chandigarh,January,4640,720,15.52,21.16
Chandigarh,March,4100,872,21.27,21.16
Chandigarh,May,3699,969,26.2,21.16
Chandigarh,February,4957,853,17.21,21.16
Chandigarh,May,3699,969,26.2,21.16
Chandigarh,June,3297,867,26.3,21.16
Chandigarh,February,4957,853,17.21,21.16
Chandigarh,June,3297,867,26.3,21.16
Chandigarh,June,3297,867,26.3,21.16
Chandigarh,June,3297,867,26.3,21.16
Chandigarh,January,4640,720,15.52,21.16
Chandigarh,February,4957,853,17.21,21.16
Chandigarh,January,4640,720,15.52,21.16
Chandigarh,May,3699,969,26.2,21.16
Chandigarh,June,3297,867,26.3,21.16
Chandigarh,June,3297,867,26.3,21.16
Chandigarh,April,3285,789,24.02,21.16
Chandigarh,April,3285,789,24.02,21.16
Chandigarh,June,3297,867,26.3,21.16
Chandigarh,February,4957,853,17.21,21.16
Chandigarh,January,4640,720,15.52,21.16
Chandigarh,June,3297,867,26.3,21.16
Chandigarh,February,4957,853,17.21,21.16
Chandigarh,May,3699,969,26.2,21.16
Chandigarh,June,3297,867,26.3,21.16
Chandigarh,June,3297,867,26.3,21.16
Chandigarh,May,3699,969,26.2,21.16
Chandigarh,January,4640,720,15.52,21.16
Chandigarh,February,4957,853,17.21,21.16
Chandigarh,June,3297,867,26.3,21.16
Chandigarh,January,4640,720,15.52,21.16
Chandigarh,June,3297,867,26.3,21.16
Chandigarh,May,3699,969,26.2,21.16
Chandigarh,May,3699,969,26.2,21.16
Chandigarh,June,3297,867,26.3,21.16
Chandigarh,June,3297,867,26.3,21.16
Chandigarh,June,3297,867,26.3,21.16
Chandigarh,June,3297,867,26.3,21.16
Chandigarh,March,4100,872,21.27,21.16
Chandigarh,January,4640,720,15.52,21.16
Chandigarh,January,4640,720,15.52,21.16
Chandigarh,June,3297,867,26.3,21.16
Chandigarh,April,3285,789,24.02,21.16
Chandigarh,April,3285,789,24.02,21.16
Chandigarh,February,4957,853,17.21,21.16
Chandigarh,March,4100,872,21.27,21.16
Chandigarh,March,4100,872,21.27,21.16
Chandigarh,March,4100,872,21.27,21.16
Chandigarh,April,3285,789,24.02,21.16
Chandigarh,April,3285,789,24.02,21.16
Chandigarh,January,4640,720,15.52,21.16
Chandigarh,June,3297,867,26.3,21.16
Chandigarh,February,4957,853,17.21,21.16
Chandigarh,March,4100,872,21.27,21.16
Chandigarh,February,4957,853,17.21,21.16
Chandigarh,April,3285,789,24.02,21.16
Chandigarh,April,3285,789,24.02,21.16
Chandigarh,February,4957,853,17.21,21.16
Chandigarh,March,4100,872,21.27,21.16
Chandigarh,May,3699,969,26.2,21.16
Chandigarh,June,3297,867,26.3,21.16
Chandigarh,January,4640,720,15.52,21.16
Chandigarh,May,3699,969,26.2,21.16
Chandigarh,May,3699,969,26.2,21.16
Chandigarh,February,4957,853,17.21,21.16
Chandigarh,March,4100,872,21.27,21.16
Chandigarh,March,4100,872,21.27,21.16
Chandigarh,June,3297,867,26.3,21.16
Chandigarh,January,4640,720,15.52,21.16
Chandigarh,April,3285,789,24.02,21.16
Chandigarh,January,4640,720,15.52,21.16
Chandigarh,March,4100,872,21.27,21.16
Chandigarh,April,3285,789,24.02,21.16
Chandigarh,May,3699,969,26.2,21.16
Chandigarh,May,3699,969,26.2,21.16
Chandigarh,April,3285,789,24.02,21.16
Chandigarh,March,4100,872,21.27,21.16
Chandigarh,April,3285,789,24.02,21.16
Chandigarh,June,3297,867,26.3,21.16
Chandigarh,February,4957,853,17.21,21.16
Chandigarh,January,4640,720,15.52,21.16
Chandigarh,April,3285,789,24.02,21.16
Chandigarh,April,3285,789,24.02,21.16
Chandigarh,January,4640,720,15.52,21.16
Chandigarh,May,3699,969,26.2,21.16
Chandigarh,March,4100,872,21.27,21.16
Chandigarh,February,4957,853,17.21,21.16
Chandigarh,April,3285,789,24.02,21.16
Chandigarh,January,4640,720,15.52,21.16
Chandigarh,June,3297,867,26.3,21.16
Chandigarh,January,4640,720,15.52,21.16
Chandigarh,March,4100,872,21.27,21.16
Chandigarh,March,4100,872,21.27,21.16
Chandigarh,February,4957,853,17.21,21.16
Chandigarh,March,4100,872,21.27,21.16
Chandigarh,April,3285,789,24.02,21.16
Chandigarh,May,3699,969,26.2,21.16
Chandigarh,March,4100,872,21.27,21.16
Chandigarh,February,4957,853,17.21,21.16
Chandigarh,February,4957,853,17.21,21.16
Chandigarh,January,4640,720,15.52,21.16
Chandigarh,June,3297,867,26.3,21.16
Chandigarh,April,3285,789,24.02,21.16
Chandigarh,January,4640,720,15.52,21.16
Chandigarh,March,4100,872,21.27,21.16
Chandigarh,April,3285,789,24.02,21.16
Chandigarh,April,3285,789,24.02,21.16
Chandigarh,March,4100,872,21.27,21.16
Chandigarh,March,4100,872,21.27,21.16
Chandigarh,March,4100,872,21.27,21.16
Chandigarh,January,4640,720,15.52,21.16
Chandigarh,May,3699,969,26.2,21.16
Chandigarh,May,3699,969,26.2,21.16
Chandigarh,February,4957,853,17.21,21.16
Chandigarh,February,4957,853,17.21,21.16
Chandigarh,April,3285,789,24.02,21.16
Chandigarh,April,3285,789,24.02,21.16
Chandigarh,June,3297,867,26.3,21.16
Chandigarh,March,4100,872,21.27,21.16
Chandigarh,March,4100,872,21.27,21.16
Chandigarh,January,4640,720,15.52,21.16
Chandigarh,May,3699,969,26.2,21.16
Chandigarh,February,4957,853,17.21,21.16
Chandigarh,January,4640,720,15.52,21.16
Chandigarh,March,4100,872,21.27,21.16
Chandigarh,March,4100,872,21.27,21.16
Chandigarh,May,3699,969,26.2,21.16
Chandigarh,February,4957,853,17.21,21.16
Chandigarh,April,3285,789,24.02,21.16
Chandigarh,February,4957,853,17.21,21.16
Chandigarh,January,4640,720,15.52,21.16
Chandigarh,June,3297,867,26.3,21.16
Chandigarh,January,4640,720,15.52,21.16
Chandigarh,May,3699,969,26.2,21.16
Chandigarh,May,3699,969,26.2,21.16
Chandigarh,April,3285,789,24.02,21.16
Chandigarh,February,4957,853,17.21,21.16
Chandigarh,March,4100,872,21.27,21.16
Chandigarh,January,4640,720,15.52,21.16
Chandigarh,May,3699,969,26.2,21.16
Chandigarh,January,4640,720,15.52,21.16
Chandigarh,February,4957,853,17.21,21.16
Chandigarh,April,3285,789,24.02,21.16
Chandigarh,February,4957,853,17.21,21.16
Chandigarh,May,3699,969,26.2,21.16
Chandigarh,March,4100,872,21.27,21.16
Chandigarh,April,3285,789,24.02,21.16
Chandigarh,March,4100,872,21.27,21.16
Chandigarh,February,4957,853,17.21,21.16
Chandigarh,February,4957,853,17.21,21.16
Chandigarh,January,4640,720,15.52,21.16
Chandigarh,May,3699,969,26.2,21.16
Chandigarh,April,3285,789,24.02,21.16
Chandigarh,May,3699,969,26.2,21.16
Chandigarh,March,4100,872,21.27,21.16
Chandigarh,March,4100,872,21.27,21.16
Chandigarh,May,3699,969,26.2,21.16
Chandigarh,April,3285,789,24.02,21.16
Chandigarh,April,3285,789,24.02,21.16
Chandigarh,March,4100,872,21.27,21.16
Chandigarh,January,4640,720,15.52,21.16
Chandigarh,May,3699,969,26.2,21.16
Chandigarh,February,4957,853,17.21,21.16
Chandigarh,January,4640,720,15.52,21.16
Chandigarh,May,3699,969,26.2,21.16
Chandigarh,April,3285,789,24.02,21.16
Chandigarh,February,4957,853,17.21,21.16
Chandigarh,May,3699,969,26.2,21.16
Chandigarh,May,3699,969,26.2,21.16
Chandigarh,March,4100,872,21.27,21.16
Chandigarh,January,4640,720,15.52,21.16
Chandigarh,May,3699,969,26.2,21.16
Chandigarh,May,3699,969,26.2,21.16
Chandigarh,January,4640,720,15.52,21.16
Coimbatore,January,2214,392,17.71,23.09
Coimbatore,May,1543,504,32.66,23.09
Coimbatore,June,1628,402,24.69,23.09
Coimbatore,January,2214,392,17.71,23.09
Coimbatore,February,1993,346,17.36,23.09
Coimbatore,March,1965,427,21.73,23.09
Coimbatore,March,1965,427,21.73,23.09
Coimbatore,January,2214,392,17.71,23.09
Coimbatore,June,1628,402,24.69,23.09
Coimbatore,March,1965,427,21.73,23.09
Coimbatore,January,2214,392,17.71,23.09
Coimbatore,April,1722,480,27.87,23.09
Coimbatore,February,1993,346,17.36,23.09
Coimbatore,June,1628,402,24.69,23.09
Coimbatore,May,1543,504,32.66,23.09
Coimbatore,January,2214,392,17.71,23.09
Coimbatore,June,1628,402,24.69,23.09
Coimbatore,January,2214,392,17.71,23.09
Coimbatore,February,1993,346,17.36,23.09
Coimbatore,June,1628,402,24.69,23.09
Coimbatore,January,2214,392,17.71,23.09
Coimbatore,May,1543,504,32.66,23.09
Coimbatore,April,1722,480,27.87,23.09
Coimbatore,June,1628,402,24.69,23.09
Coimbatore,April,1722,480,27.87,23.09
Coimbatore,January,2214,392,17.71,23.09
Coimbatore,February,1993,346,17.36,23.09
Coimbatore,January,2214,392,17.71,23.09
Coimbatore,June,1628,402,24.69,23.09
Coimbatore,January,2214,392,17.71,23.09
Coimbatore,February,1993,346,17.36,23.09
Coimbatore,April,1722,480,27.87,23.09
Coimbatore,June,1628,402,24.69,23.09
Coimbatore,January,2214,392,17.71,23.09
Coimbatore,February,1993,346,17.36,23.09
Coimbatore,June,1628,402,24.69,23.09
Coimbatore,January,2214,392,17.71,23.09
Coimbatore,February,1993,346,17.36,23.09
Coimbatore,June,1628,402,24.69,23.09
Coimbatore,May,1543,504,32.66,23.09
Coimbatore,January,2214,392,17.71,23.09
Coimbatore,March,1965,427,21.73,23.09
Coimbatore,January,2214,392,17.71,23.09
Coimbatore,February,1993,346,17.36,23.09
Coimbatore,June,1628,402,24.69,23.09
Coimbatore,April,1722,480,27.87,23.09
Coimbatore,February,1993,346,17.36,23.09
Coimbatore,January,2214,392,17.71,23.09
Coimbatore,April,1722,480,27.87,23.09
Coimbatore,June,1628,402,24.69,23.09
Coimbatore,January,2214,392,17.71,23.09
Coimbatore,May,1543,504,32.66,23.09
Coimbatore,May,1543,504,32.66,23.09
Coimbatore,January,2214,392,17.71,23.09
Coimbatore,February,1993,346,17.36,23.09
Coimbatore,May,1543,504,32.66,23.09
Coimbatore,January,2214,392,17.71,23.09
Coimbatore,May,1543,504,32.66,23.09
Coimbatore,April,1722,480,27.87,23.09
Coimbatore,April,1722,480,27.87,23.09
Coimbatore,April,1722,480,27.87,23.09
Coimbatore,January,2214,392,17.71,23.09
Coimbatore,February,1993,346,17.36,23.09
Coimbatore,May,1543,504,32.66,23.09
Coimbatore,January,2214,392,17.71,23.09
Coimbatore,May,1543,504,32.66,23.09
Coimbatore,February,1993,346,17.36,23.09
Coimbatore,May,1543,504,32.66,23.09
Coimbatore,January,2214,392,17.71,23.09
Coimbatore,February,1993,346,17.36,23.09
Coimbatore,May,1543,504,32.66,23.09
Coimbatore,January,2214,392,17.71,23.09
Coimbatore,February,1993,346,17.36,23.09
Coimbatore,May,1543,504,32.66,23.09
Coimbatore,May,1543,504,32.66,23.09
Coimbatore,January,2214,392,17.71,23.09
Coimbatore,February,1993,346,17.36,23.09
Coimbatore,March,1965,427,21.73,23.09
Coimbatore,January,2214,392,17.71,23.09
Coimbatore,February,1993,346,17.36,23.09
Coimbatore,May,1543,504,32.66,23.09
Coimbatore,January,2214,392,17.71,23.09
Coimbatore,May,1543,504,32.66,23.09
Coimbatore,May,1543,504,32.66,23.09
Coimbatore,January,2214,392,17.71,23.09
Coimbatore,February,1993,346,17.36,23.09
Coimbatore,March,1965,427,21.73,23.09
Coimbatore,May,1543,504,32.66,23.09
Coimbatore,May,1543,504,32.66,23.09
Coimbatore,January,2214,392,17.71,23.09
Coimbatore,January,2214,392,17.71,23.09
Coimbatore,April,1722,480,27.87,23.09
Coimbatore,May,1543,504,32.66,23.09
Coimbatore,April,1722,480,27.87,23.09
Coimbatore,January,2214,392,17.71,23.09
Coimbatore,March,1965,427,21.73,23.09
Coimbatore,February,1993,346,17.36,23.09
Coimbatore,February,1993,346,17.36,23.09
Coimbatore,May,1543,504,32.66,23.09
Coimbatore,January,2214,392,17.71,23.09
Coimbatore,May,1543,504,32.66,23.09
Coimbatore,May,1543,504,32.66,23.09
Coimbatore,January,2214,392,17.71,23.09
Coimbatore,May,1543,504,32.66,23.09
Coimbatore,February,1993,346,17.36,23.09
Coimbatore,May,1543,504,32.66,23.09
Coimbatore,February,1993,346,17.36,23.09
Coimbatore,March,1965,427,21.73,23.09
Coimbatore,February,1993,346,17.36,23.09
Coimbatore,May,1543,504,32.66,23.09
Coimbatore,May,1543,504,32.66,23.09
Coimbatore,February,1993,346,17.36,23.09
Coimbatore,February,1993,346,17.36,23.09
Coimbatore,May,1543,504,32.66,23.09
Coimbatore,February,1993,346,17.36,23.09
Coimbatore,May,1543,504,32.66,23.09
Coimbatore,February,1993,346,17.36,23.09
Coimbatore,May,1543,504,32.66,23.09
Coimbatore,February,1993,346,17.36,23.09
Coimbatore,May,1543,504,32.66,23.09
Coimbatore,February,1993,346,17.36,23.09
Coimbatore,February,1993,346,17.36,23.09
Coimbatore,April,1722,480,27.87,23.09
Coimbatore,March,1965,427,21.73,23.09
Coimbatore,March,1965,427,21.73,23.09
Coimbatore,March,1965,427,21.73,23.09
Coimbatore,April,1722,480,27.87,23.09
Coimbatore,March,1965,427,21.73,23.09
Coimbatore,April,1722,480,27.87,23.09
Coimbatore,March,1965,427,21.73,23.09
Coimbatore,April,1722,480,27.87,23.09
Coimbatore,March,1965,427,21.73,23.09
Coimbatore,April,1722,480,27.87,23.09
Coimbatore,March,1965,427,21.73,23.09
Coimbatore,April,1722,480,27.87,23.09
Coimbatore,March,1965,427,21.73,23.09
Coimbatore,April,1722,480,27.87,23.09
Coimbatore,March,1965,427,21.73,23.09
Coimbatore,April,1722,480,27.87,23.09
Coimbatore,March,1965,427,21.73,23.09
Coimbatore,April,1722,480,27.87,23.09
Coimbatore,March,1965,427,21.73,23.09
Coimbatore,April,1722,480,27.87,23.09
Coimbatore,March,1965,427,21.73,23.09
Coimbatore,March,1965,427,21.73,23.09
Coimbatore,March,1965,427,21.73,23.09
Coimbatore,April,1722,480,27.87,23.09
Coimbatore,March,1965,427,21.73,23.09
Coimbatore,April,1722,480,27.87,23.09
Coimbatore,March,1965,427,21.73,23.09
Coimbatore,April,1722,480,27.87,23.09
Coimbatore,March,1965,427,21.73,23.09
Coimbatore,April,1722,480,27.87,23.09
Coimbatore,March,1965,427,21.73,23.09
Coimbatore,March,1965,427,21.73,23.09
Coimbatore,April,1722,480,27.87,23.09
Coimbatore,April,1722,480,27.87,23.09
Coimbatore,March,1965,427,21.73,23.09
Coimbatore,April,1722,480,27.87,23.09
Coimbatore,March,1965,427,21.73,23.09
Coimbatore,March,1965,427,21.73,23.09
Coimbatore,April,1722,480,27.87,23.09
Coimbatore,April,1722,480,27.87,23.09
Coimbatore,March,1965,427,21.73,23.09
Coimbatore,June,1628,402,24.69,23.09
Coimbatore,June,1628,402,24.69,23.09
Coimbatore,June,1628,402,24.69,23.09
Coimbatore,June,1628,402,24.69,23.09
Coimbatore,June,1628,402,24.69,23.09
Coimbatore,June,1628,402,24.69,23.09
Coimbatore,June,1628,402,24.69,23.09
Coimbatore,June,1628,402,24.69,23.09
Coimbatore,June,1628,402,24.69,23.09
Coimbatore,June,1628,402,24.69,23.09
Coimbatore,June,1628,402,24.69,23.09
Coimbatore,June,1628,402,24.69,23.09
Coimbatore,June,1628,402,24.69,23.09
Coimbatore,June,1628,402,24.69,23.09
Coimbatore,June,1628,402,24.69,23.09
Coimbatore,June,1628,402,24.69,23.09
Coimbatore,June,1628,402,24.69,23.09
Coimbatore,June,1628,402,24.69,23.09
Indore,April,3646,1295,35.52,32.71
Indore,February,3981,1103,27.71,32.71
Indore,May,3591,1563,43.53,32.71
Indore,March,3833,1091,28.46,32.71
Indore,January,3876,1033,26.65,32.71
Indore,April,3646,1295,35.52,32.71
Indore,May,3591,1563,43.53,32.71
Indore,May,3591,1563,43.53,32.71
Indore,May,3591,1563,43.53,32.71
Indore,March,3833,1091,28.46,32.71
Indore,January,3876,1033,26.65,32.71
Indore,January,3876,1033,26.65,32.71
Indore,February,3981,1103,27.71,32.71
Indore,April,3646,1295,35.52,32.71
Indore,May,3591,1563,43.53,32.71
Indore,March,3833,1091,28.46,32.71
Indore,February,3981,1103,27.71,32.71
Indore,May,3591,1563,43.53,32.71
Indore,January,3876,1033,26.65,32.71
Indore,March,3833,1091,28.46,32.71
Indore,May,3591,1563,43.53,32.71
Indore,March,3833,1091,28.46,32.71
Indore,April,3646,1295,35.52,32.71
Indore,January,3876,1033,26.65,32.71
Indore,May,3591,1563,43.53,32.71
Indore,February,3981,1103,27.71,32.71
Indore,February,3981,1103,27.71,32.71
Indore,March,3833,1091,28.46,32.71
Indore,April,3646,1295,35.52,32.71
Indore,May,3591,1563,43.53,32.71
Indore,April,3646,1295,35.52,32.71
Indore,May,3591,1563,43.53,32.71
Indore,March,3833,1091,28.46,32.71
Indore,April,3646,1295,35.52,32.71
Indore,April,3646,1295,35.52,32.71
Indore,January,3876,1033,26.65,32.71
Indore,March,3833,1091,28.46,32.71
Indore,May,3591,1563,43.53,32.71
Indore,March,3833,1091,28.46,32.71
Indore,January,3876,1033,26.65,32.71
Indore,March,3833,1091,28.46,32.71
Indore,February,3981,1103,27.71,32.71
Indore,April,3646,1295,35.52,32.71
Indore,January,3876,1033,26.65,32.71
Indore,May,3591,1563,43.53,32.71
Indore,June,3152,1131,35.88,32.71
Indore,April,3646,1295,35.52,32.71
Indore,January,3876,1033,26.65,32.71
Indore,January,3876,1033,26.65,32.71
Indore,June,3152,1131,35.88,32.71
Indore,May,3591,1563,43.53,32.71
Indore,March,3833,1091,28.46,32.71
Indore,April,3646,1295,35.52,32.71
Indore,May,3591,1563,43.53,32.71
Indore,February,3981,1103,27.71,32.71
Indore,January,3876,1033,26.65,32.71
Indore,February,3981,1103,27.71,32.71
Indore,March,3833,1091,28.46,32.71
Indore,April,3646,1295,35.52,32.71
Indore,June,3152,1131,35.88,32.71
Indore,January,3876,1033,26.65,32.71
Indore,April,3646,1295,35.52,32.71
Indore,May,3591,1563,43.53,32.71
Indore,March,3833,1091,28.46,32.71
Indore,March,3833,1091,28.46,32.71
Indore,April,3646,1295,35.52,32.71
Indore,May,3591,1563,43.53,32.71
Indore,March,3833,1091,28.46,32.71
Indore,February,3981,1103,27.71,32.71
Indore,March,3833,1091,28.46,32.71
Indore,May,3591,1563,43.53,32.71
Indore,April,3646,1295,35.52,32.71
Indore,June,3152,1131,35.88,32.71
Indore,April,3646,1295,35.52,32.71
Indore,May,3591,1563,43.53,32.71
Indore,March,3833,1091,28.46,32.71
Indore,January,3876,1033,26.65,32.71
Indore,January,3876,1033,26.65,32.71
Indore,February,3981,1103,27.71,32.71
Indore,March,3833,1091,28.46,32.71
Indore,February,3981,1103,27.71,32.71
Indore,March,3833,1091,28.46,32.71
Indore,April,3646,1295,35.52,32.71
Indore,May,3591,1563,43.53,32.71
Indore,February,3981,1103,27.71,32.71
Indore,March,3833,1091,28.46,32.71
Indore,February,3981,1103,27.71,32.71
Indore,March,3833,1091,28.46,32.71
Indore,April,3646,1295,35.52,32.71
Indore,January,3876,1033,26.65,32.71
Indore,May,3591,1563,43.53,32.71
Indore,April,3646,1295,35.52,32.71
Indore,February,3981,1103,27.71,32.71
Indore,March,3833,1091,28.46,32.71
Indore,June,3152,1131,35.88,32.71
Indore,April,3646,1295,35.52,32.71
Indore,April,3646,1295,35.52,32.71
Indore,January,3876,1033,26.65,32.71
Indore,March,3833,1091,28.46,32.71
Indore,May,3591,1563,43.53,32.71
Indore,January,3876,1033,26.65,32.71
Indore,May,3591,1563,43.53,32.71
Indore,April,3646,1295,35.52,32.71
Indore,February,3981,1103,27.71,32.71
Indore,May,3591,1563,43.53,32.71
Indore,March,3833,1091,28.46,32.71
Indore,March,3833,1091,28.46,32.71
Indore,June,3152,1131,35.88,32.71
Indore,February,3981,1103,27.71,32.71
Indore,January,3876,1033,26.65,32.71
Indore,January,3876,1033,26.65,32.71
Indore,March,3833,1091,28.46,32.71
Indore,April,3646,1295,35.52,32.71
Indore,May,3591,1563,43.53,32.71
Indore,June,3152,1131,35.88,32.71
Indore,January,3876,1033,26.65,32.71
Indore,June,3152,1131,35.88,32.71
Indore,January,3876,1033,26.65,32.71
Indore,March,3833,1091,28.46,32.71
Indore,April,3646,1295,35.52,32.71
Indore,January,3876,1033,26.65,32.71
Indore,February,3981,1103,27.71,32.71
Indore,February,3981,1103,27.71,32.71
Indore,January,3876,1033,26.65,32.71
Indore,March,3833,1091,28.46,32.71
Indore,March,3833,1091,28.46,32.71
Indore,April,3646,1295,35.52,32.71
Indore,April,3646,1295,35.52,32.71
Indore,June,3152,1131,35.88,32.71
Indore,May,3591,1563,43.53,32.71
Indore,June,3152,1131,35.88,32.71
Indore,February,3981,1103,27.71,32.71
Indore,February,3981,1103,27.71,32.71
Indore,June,3152,1131,35.88,32.71
Indore,January,3876,1033,26.65,32.71
Indore,January,3876,1033,26.65,32.71
Indore,June,3152,1131,35.88,32.71
Indore,February,3981,1103,27.71,32.71
Indore,May,3591,1563,43.53,32.71
Indore,June,3152,1131,35.88,32.71
Indore,April,3646,1295,35.52,32.71
Indore,February,3981,1103,27.71,32.71
Indore,June,3152,1131,35.88,32.71
Indore,January,3876,1033,26.65,32.71
Indore,February,3981,1103,27.71,32.71
Indore,June,3152,1131,35.88,32.71
Indore,April,3646,1295,35.52,32.71
Indore,March,3833,1091,28.46,32.71
Indore,June,3152,1131,35.88,32.71
Indore,June,3152,1131,35.88,32.71
Indore,February,3981,1103,27.71,32.71
Indore,June,3152,1131,35.88,32.71
Indore,January,3876,1033,26.65,32.71
Indore,February,3981,1103,27.71,32.71
Indore,June,3152,1131,35.88,32.71
Indore,May,3591,1563,43.53,32.71
Indore,January,3876,1033,26.65,32.71
Indore,June,3152,1131,35.88,32.71
Indore,June,3152,1131,35.88,32.71
Indore,May,3591,1563,43.53,32.71
Indore,June,3152,1131,35.88,32.71
Indore,April,3646,1295,35.52,32.71
Indore,May,3591,1563,43.53,32.71
Indore,June,3152,1131,35.88,32.71
Indore,January,3876,1033,26.65,32.71
Indore,February,3981,1103,27.71,32.71
Indore,June,3152,1131,35.88,32.71
Indore,June,3152,1131,35.88,32.71
Indore,May,3591,1563,43.53,32.71
Indore,June,3152,1131,35.88,32.71
Indore,March,3833,1091,28.46,32.71
Indore,May,3591,1563,43.53,32.71
Indore,June,3152,1131,35.88,32.71
Indore,April,3646,1295,35.52,32.71
Indore,February,3981,1103,27.71,32.71
Indore,June,3152,1131,35.88,32.71
Indore,January,3876,1033,26.65,32.71
Indore,January,3876,1033,26.65,32.71
Indore,June,3152,1131,35.88,32.71
Indore,February,3981,1103,27.71,32.71
Indore,February,3981,1103,27.71,32.71
Indore,June,3152,1131,35.88,32.71
Jaipur,March,9257,1840,19.88,17.47
Jaipur,March,9257,1840,19.88,17.47
Jaipur,April,7856,1736,22.1,17.47
Jaipur,January,11845,1422,12.01,17.47
Jaipur,May,7174,1842,25.68,17.47
Jaipur,January,11845,1422,12.01,17.47
Jaipur,May,7174,1842,25.68,17.47
Jaipur,January,11845,1422,12.01,17.47
Jaipur,March,9257,1840,19.88,17.47
Jaipur,May,7174,1842,25.68,17.47
Jaipur,January,11845,1422,12.01,17.47
Jaipur,April,7856,1736,22.1,17.47
Jaipur,May,7174,1842,25.68,17.47
Jaipur,April,7856,1736,22.1,17.47
Jaipur,January,11845,1422,12.01,17.47
Jaipur,January,11845,1422,12.01,17.47
Jaipur,March,9257,1840,19.88,17.47
Jaipur,May,7174,1842,25.68,17.47
Jaipur,January,11845,1422,12.01,17.47
Jaipur,April,7856,1736,22.1,17.47
Jaipur,May,7174,1842,25.68,17.47
Jaipur,January,11845,1422,12.01,17.47
Jaipur,May,7174,1842,25.68,17.47
Jaipur,February,12450,1661,13.34,17.47
Jaipur,March,9257,1840,19.88,17.47
Jaipur,May,7174,1842,25.68,17.47
Jaipur,February,12450,1661,13.34,17.47
Jaipur,March,9257,1840,19.88,17.47
Jaipur,February,12450,1661,13.34,17.47
Jaipur,April,7856,1736,22.1,17.47
Jaipur,May,7174,1842,25.68,17.47
Jaipur,June,6956,1181,16.98,17.47
Jaipur,March,9257,1840,19.88,17.47
Jaipur,May,7174,1842,25.68,17.47
Jaipur,February,12450,1661,13.34,17.47
Jaipur,May,7174,1842,25.68,17.47
Jaipur,February,12450,1661,13.34,17.47
Jaipur,February,12450,1661,13.34,17.47
Jaipur,March,9257,1840,19.88,17.47
Jaipur,May,7174,1842,25.68,17.47
Jaipur,March,9257,1840,19.88,17.47
Jaipur,April,7856,1736,22.1,17.47
Jaipur,April,7856,1736,22.1,17.47
Jaipur,February,12450,1661,13.34,17.47
Jaipur,May,7174,1842,25.68,17.47
Jaipur,February,12450,1661,13.34,17.47
Jaipur,May,7174,1842,25.68,17.47
Jaipur,February,12450,1661,13.34,17.47
Jaipur,March,9257,1840,19.88,17.47
Jaipur,May,7174,1842,25.68,17.47
Jaipur,February,12450,1661,13.34,17.47
Jaipur,April,7856,1736,22.1,17.47
Jaipur,February,12450,1661,13.34,17.47
Jaipur,May,7174,1842,25.68,17.47
Jaipur,March,9257,1840,19.88,17.47
Jaipur,February,12450,1661,13.34,17.47
Jaipur,March,9257,1840,19.88,17.47
Jaipur,May,7174,1842,25.68,17.47
Jaipur,February,12450,1661,13.34,17.47
Jaipur,April,7856,1736,22.1,17.47
Jaipur,May,7174,1842,25.68,17.47
Jaipur,February,12450,1661,13.34,17.47
Jaipur,February,12450,1661,13.34,17.47
Jaipur,May,7174,1842,25.68,17.47
Jaipur,March,9257,1840,19.88,17.47
Jaipur,February,12450,1661,13.34,17.47
Jaipur,May,7174,1842,25.68,17.47
Jaipur,February,12450,1661,13.34,17.47
Jaipur,February,12450,1661,13.34,17.47
Jaipur,April,7856,1736,22.1,17.47
Jaipur,April,7856,1736,22.1,17.47
Jaipur,May,7174,1842,25.68,17.47
Jaipur,March,9257,1840,19.88,17.47
Jaipur,February,12450,1661,13.34,17.47
Jaipur,May,7174,1842,25.68,17.47
Jaipur,April,7856,1736,22.1,17.47
Jaipur,February,12450,1661,13.34,17.47
Jaipur,May,7174,1842,25.68,17.47
Jaipur,February,12450,1661,13.34,17.47
Jaipur,May,7174,1842,25.68,17.47
Jaipur,March,9257,1840,19.88,17.47
Jaipur,February,12450,1661,13.34,17.47
Jaipur,April,7856,1736,22.1,17.47
Jaipur,March,9257,1840,19.88,17.47
Jaipur,February,12450,1661,13.34,17.47
Jaipur,May,7174,1842,25.68,17.47
Jaipur,February,12450,1661,13.34,17.47
Jaipur,April,7856,1736,22.1,17.47
Jaipur,March,9257,1840,19.88,17.47
Jaipur,February,12450,1661,13.34,17.47
Jaipur,April,7856,1736,22.1,17.47
Jaipur,February,12450,1661,13.34,17.47
Jaipur,April,7856,1736,22.1,17.47
Jaipur,February,12450,1661,13.34,17.47
Jaipur,February,12450,1661,13.34,17.47
Jaipur,April,7856,1736,22.1,17.47
Jaipur,March,9257,1840,19.88,17.47
Jaipur,February,12450,1661,13.34,17.47
Jaipur,April,7856,1736,22.1,17.47
Jaipur,April,7856,1736,22.1,17.47
Jaipur,March,9257,1840,19.88,17.47
Jaipur,April,7856,1736,22.1,17.47
Jaipur,January,11845,1422,12.01,17.47
Jaipur,June,6956,1181,16.98,17.47
Jaipur,March,9257,1840,19.88,17.47
Jaipur,April,7856,1736,22.1,17.47
Jaipur,April,7856,1736,22.1,17.47
Jaipur,March,9257,1840,19.88,17.47
Jaipur,January,11845,1422,12.01,17.47
Jaipur,June,6956,1181,16.98,17.47
Jaipur,January,11845,1422,12.01,17.47
Jaipur,June,6956,1181,16.98,17.47
Jaipur,January,11845,1422,12.01,17.47
Jaipur,April,7856,1736,22.1,17.47
Jaipur,June,6956,1181,16.98,17.47
Jaipur,June,6956,1181,16.98,17.47
Jaipur,March,9257,1840,19.88,17.47
Jaipur,March,9257,1840,19.88,17.47
Jaipur,January,11845,1422,12.01,17.47
Jaipur,June,6956,1181,16.98,17.47
Jaipur,June,6956,1181,16.98,17.47
Jaipur,January,11845,1422,12.01,17.47
Jaipur,January,11845,1422,12.01,17.47
Jaipur,June,6956,1181,16.98,17.47
Jaipur,June,6956,1181,16.98,17.47
Jaipur,March,9257,1840,19.88,17.47
Jaipur,January,11845,1422,12.01,17.47
Jaipur,June,6956,1181,16.98,17.47
Jaipur,March,9257,1840,19.88,17.47
Jaipur,June,6956,1181,16.98,17.47
Jaipur,April,7856,1736,22.1,17.47
Jaipur,June,6956,1181,16.98,17.47
Jaipur,January,11845,1422,12.01,17.47
Jaipur,January,11845,1422,12.01,17.47
Jaipur,June,6956,1181,16.98,17.47
Jaipur,June,6956,1181,16.98,17.47
Jaipur,January,11845,1422,12.01,17.47
Jaipur,June,6956,1181,16.98,17.47
Jaipur,March,9257,1840,19.88,17.47
Jaipur,June,6956,1181,16.98,17.47
Jaipur,January,11845,1422,12.01,17.47
Jaipur,June,6956,1181,16.98,17.47
Jaipur,April,7856,1736,22.1,17.47
Jaipur,June,6956,1181,16.98,17.47
Jaipur,March,9257,1840,19.88,17.47
Jaipur,January,11845,1422,12.01,17.47
Jaipur,June,6956,1181,16.98,17.47
Jaipur,June,6956,1181,16.98,17.47
Jaipur,January,11845,1422,12.01,17.47
Jaipur,March,9257,1840,19.88,17.47
Jaipur,March,9257,1840,19.88,17.47
Jaipur,June,6956,1181,16.98,17.47
Jaipur,January,11845,1422,12.01,17.47
Jaipur,April,7856,1736,22.1,17.47
Jaipur,June,6956,1181,16.98,17.47
Jaipur,June,6956,1181,16.98,17.47
Jaipur,January,11845,1422,12.01,17.47
Jaipur,April,7856,1736,22.1,17.47
Jaipur,May,7174,1842,25.68,17.47
Jaipur,June,6956,1181,16.98,17.47
Jaipur,March,9257,1840,19.88,17.47
Jaipur,January,11845,1422,12.01,17.47
Jaipur,May,7174,1842,25.68,17.47
Jaipur,June,6956,1181,16.98,17.47
Jaipur,April,7856,1736,22.1,17.47
Jaipur,January,11845,1422,12.01,17.47
Jaipur,April,7856,1736,22.1,17.47
Jaipur,June,6956,1181,16.98,17.47
Jaipur,May,7174,1842,25.68,17.47
Jaipur,January,11845,1422,12.01,17.47
Jaipur,March,9257,1840,19.88,17.47
Jaipur,June,6956,1181,16.98,17.47
Jaipur,January,11845,1422,12.01,17.47
Jaipur,May,7174,1842,25.68,17.47
Jaipur,January,11845,1422,12.01,17.47
Jaipur,June,6956,1181,16.98,17.47
Jaipur,May,7174,1842,25.68,17.47
Jaipur,January,11845,1422,12.01,17.47
Jaipur,May,7174,1842,25.68,17.47
Jaipur,June,6956,1181,16.98,17.47
Jaipur,January,11845,1422,12.01,17.47
Jaipur,April,7856,1736,22.1,17.47
Kochi,February,5372,1005,18.71,22.42
Kochi,January,5660,795,14.05,22.42
Kochi,February,5372,1005,18.71,22.42
Kochi,May,6222,1853,29.78,22.42
Kochi,June,4060,1049,25.84,22.42
Kochi,January,5660,795,14.05,22.42
Kochi,March,6213,1348,21.7,22.42
Kochi,March,6213,1348,21.7,22.42
Kochi,April,6515,1576,24.19,22.42
Kochi,June,4060,1049,25.84,22.42
Kochi,January,5660,795,14.05,22.42
Kochi,April,6515,1576,24.19,22.42
Kochi,February,5372,1005,18.71,22.42
Kochi,January,5660,795,14.05,22.42
Kochi,February,5372,1005,18.71,22.42
Kochi,June,4060,1049,25.84,22.42
Kochi,March,6213,1348,21.7,22.42
Kochi,February,5372,1005,18.71,22.42
Kochi,January,5660,795,14.05,22.42
Kochi,June,4060,1049,25.84,22.42
Kochi,January,5660,795,14.05,22.42
Kochi,June,4060,1049,25.84,22.42
Kochi,March,6213,1348,21.7,22.42
Kochi,January,5660,795,14.05,22.42
Kochi,February,5372,1005,18.71,22.42
Kochi,June,4060,1049,25.84,22.42
Kochi,March,6213,1348,21.7,22.42
Kochi,April,6515,1576,24.19,22.42
Kochi,March,6213,1348,21.7,22.42
Kochi,April,6515,1576,24.19,22.42
Kochi,January,5660,795,14.05,22.42
Kochi,May,6222,1853,29.78,22.42
Kochi,April,6515,1576,24.19,22.42
Kochi,May,6222,1853,29.78,22.42
Kochi,February,5372,1005,18.71,22.42
Kochi,May,6222,1853,29.78,22.42
Kochi,March,6213,1348,21.7,22.42
Kochi,March,6213,1348,21.7,22.42
Kochi,April,6515,1576,24.19,22.42
Kochi,May,6222,1853,29.78,22.42
Kochi,March,6213,1348,21.7,22.42
Kochi,March,6213,1348,21.7,22.42
Kochi,April,6515,1576,24.19,22.42
Kochi,February,5372,1005,18.71,22.42
Kochi,February,5372,1005,18.71,22.42
Kochi,February,5372,1005,18.71,22.42
Kochi,March,6213,1348,21.7,22.42
Kochi,February,5372,1005,18.71,22.42
Kochi,May,6222,1853,29.78,22.42
Kochi,April,6515,1576,24.19,22.42
Kochi,February,5372,1005,18.71,22.42
Kochi,May,6222,1853,29.78,22.42
Kochi,March,6213,1348,21.7,22.42
Kochi,February,5372,1005,18.71,22.42
Kochi,February,5372,1005,18.71,22.42
Kochi,April,6515,1576,24.19,22.42
Kochi,March,6213,1348,21.7,22.42
Kochi,May,6222,1853,29.78,22.42
Kochi,March,6213,1348,21.7,22.42
Kochi,February,5372,1005,18.71,22.42
Kochi,May,6222,1853,29.78,22.42
Kochi,April,6515,1576,24.19,22.42
Kochi,May,6222,1853,29.78,22.42
Kochi,May,6222,1853,29.78,22.42
Kochi,March,6213,1348,21.7,22.42
Kochi,January,5660,795,14.05,22.42
Kochi,March,6213,1348,21.7,22.42
Kochi,January,5660,795,14.05,22.42
Kochi,February,5372,1005,18.71,22.42
Kochi,May,6222,1853,29.78,22.42
Kochi,January,5660,795,14.05,22.42
Kochi,April,6515,1576,24.19,22.42
Kochi,February,5372,1005,18.71,22.42
Kochi,May,6222,1853,29.78,22.42
Kochi,February,5372,1005,18.71,22.42
Kochi,January,5660,795,14.05,22.42
Kochi,March,6213,1348,21.7,22.42
Kochi,April,6515,1576,24.19,22.42
Kochi,March,6213,1348,21.7,22.42
Kochi,May,6222,1853,29.78,22.42
Kochi,May,6222,1853,29.78,22.42
Kochi,January,5660,795,14.05,22.42
Kochi,April,6515,1576,24.19,22.42
Kochi,May,6222,1853,29.78,22.42
Kochi,March,6213,1348,21.7,22.42
Kochi,January,5660,795,14.05,22.42
Kochi,March,6213,1348,21.7,22.42
Kochi,May,6222,1853,29.78,22.42
Kochi,April,6515,1576,24.19,22.42
Kochi,March,6213,1348,21.7,22.42
Kochi,March,6213,1348,21.7,22.42
Kochi,April,6515,1576,24.19,22.42
Kochi,February,5372,1005,18.71,22.42
Kochi,January,5660,795,14.05,22.42
Kochi,May,6222,1853,29.78,22.42
Kochi,June,4060,1049,25.84,22.42
Kochi,May,6222,1853,29.78,22.42
Kochi,January,5660,795,14.05,22.42
Kochi,May,6222,1853,29.78,22.42
Kochi,April,6515,1576,24.19,22.42
Kochi,June,4060,1049,25.84,22.42
Kochi,January,5660,795,14.05,22.42
Kochi,March,6213,1348,21.7,22.42
Kochi,May,6222,1853,29.78,22.42
Kochi,April,6515,1576,24.19,22.42
Kochi,June,4060,1049,25.84,22.42
Kochi,May,6222,1853,29.78,22.42
Kochi,February,5372,1005,18.71,22.42
Kochi,February,5372,1005,18.71,22.42
Kochi,January,5660,795,14.05,22.42
Kochi,June,4060,1049,25.84,22.42
Kochi,April,6515,1576,24.19,22.42
Kochi,January,5660,795,14.05,22.42
Kochi,April,6515,1576,24.19,22.42
Kochi,March,6213,1348,21.7,22.42
Kochi,June,4060,1049,25.84,22.42
Kochi,May,6222,1853,29.78,22.42
Kochi,January,5660,795,14.05,22.42
Kochi,April,6515,1576,24.19,22.42
Kochi,February,5372,1005,18.71,22.42
Kochi,June,4060,1049,25.84,22.42
Kochi,May,6222,1853,29.78,22.42
Kochi,February,5372,1005,18.71,22.42
Kochi,January,5660,795,14.05,22.42
Kochi,February,5372,1005,18.71,22.42
Kochi,June,4060,1049,25.84,22.42
Kochi,May,6222,1853,29.78,22.42
Kochi,March,6213,1348,21.7,22.42
Kochi,January,5660,795,14.05,22.42
Kochi,May,6222,1853,29.78,22.42
Kochi,June,4060,1049,25.84,22.42
Kochi,March,6213,1348,21.7,22.42
Kochi,January,5660,795,14.05,22.42
Kochi,April,6515,1576,24.19,22.42
Kochi,May,6222,1853,29.78,22.42
Kochi,June,4060,1049,25.84,22.42
Kochi,March,6213,1348,21.7,22.42
Kochi,February,5372,1005,18.71,22.42
Kochi,April,6515,1576,24.19,22.42
Kochi,March,6213,1348,21.7,22.42
Kochi,June,4060,1049,25.84,22.42
Kochi,January,5660,795,14.05,22.42
Kochi,February,5372,1005,18.71,22.42
Kochi,May,6222,1853,29.78,22.42
Kochi,January,5660,795,14.05,22.42
Kochi,June,4060,1049,25.84,22.42
Kochi,June,4060,1049,25.84,22.42
Kochi,April,6515,1576,24.19,22.42
Kochi,January,5660,795,14.05,22.42
Kochi,May,6222,1853,29.78,22.42
Kochi,June,4060,1049,25.84,22.42
Kochi,June,4060,1049,25.84,22.42
Kochi,March,6213,1348,21.7,22.42
Kochi,April,6515,1576,24.19,22.42
Kochi,February,5372,1005,18.71,22.42
Kochi,June,4060,1049,25.84,22.42
Kochi,January,5660,795,14.05,22.42
Kochi,April,6515,1576,24.19,22.42
Kochi,June,4060,1049,25.84,22.42
Kochi,May,6222,1853,29.78,22.42
Kochi,June,4060,1049,25.84,22.42
Kochi,February,5372,1005,18.71,22.42
Kochi,January,5660,795,14.05,22.42
Kochi,January,5660,795,14.05,22.42
Kochi,March,6213,1348,21.7,22.42
Kochi,June,4060,1049,25.84,22.42
Kochi,May,6222,1853,29.78,22.42
Kochi,April,6515,1576,24.19,22.42
Kochi,June,4060,1049,25.84,22.42
Kochi,February,5372,1005,18.71,22.42
Kochi,June,4060,1049,25.84,22.42
Kochi,January,5660,795,14.05,22.42
Kochi,April,6515,1576,24.19,22.42
Kochi,April,6515,1576,24.19,22.42
Kochi,June,4060,1049,25.84,22.42
Kochi,June,4060,1049,25.84,22.42
Kochi,January,5660,795,14.05,22.42
Kochi,March,6213,1348,21.7,22.42
Kochi,April,6515,1576,24.19,22.42
Kochi,June,4060,1049,25.84,22.42
Kochi,June,4060,1049,25.84,22.42
Kochi,April,6515,1576,24.19,22.42
Lucknow,April,3807,1496,39.3,37.13
Lucknow,April,3807,1496,39.3,37.13
Lucknow,April,3807,1496,39.3,37.13
Lucknow,April,3807,1496,39.3,37.13
Lucknow,April,3807,1496,39.3,37.13
Lucknow,April,3807,1496,39.3,37.13
Lucknow,April,3807,1496,39.3,37.13
Lucknow,April,3807,1496,39.3,37.13
Lucknow,April,3807,1496,39.3,37.13
Lucknow,April,3807,1496,39.3,37.13
Lucknow,April,3807,1496,39.3,37.13
Lucknow,April,3807,1496,39.3,37.13
Lucknow,April,3807,1496,39.3,37.13
Lucknow,April,3807,1496,39.3,37.13
Lucknow,April,3807,1496,39.3,37.13
Lucknow,April,3807,1496,39.3,37.13
Lucknow,April,3807,1496,39.3,37.13
Lucknow,April,3807,1496,39.3,37.13
Lucknow,April,3807,1496,39.3,37.13
Lucknow,April,3807,1496,39.3,37.13
Lucknow,April,3807,1496,39.3,37.13
Lucknow,April,3807,1496,39.3,37.13
Lucknow,April,3807,1496,39.3,37.13
Lucknow,April,3807,1496,39.3,37.13
Lucknow,April,3807,1496,39.3,37.13
Lucknow,April,3807,1496,39.3,37.13
Lucknow,April,3807,1496,39.3,37.13
Lucknow,April,3807,1496,39.3,37.13
Lucknow,April,3807,1496,39.3,37.13
Lucknow,April,3807,1496,39.3,37.13
Lucknow,May,3487,1662,47.66,37.13
Lucknow,May,3487,1662,47.66,37.13
Lucknow,May,3487,1662,47.66,37.13
Lucknow,May,3487,1662,47.66,37.13
Lucknow,May,3487,1662,47.66,37.13
Lucknow,May,3487,1662,47.66,37.13
Lucknow,May,3487,1662,47.66,37.13
Lucknow,May,3487,1662,47.66,37.13
Lucknow,May,3487,1662,47.66,37.13
Lucknow,May,3487,1662,47.66,37.13
Lucknow,May,3487,1662,47.66,37.13
Lucknow,May,3487,1662,47.66,37.13
Lucknow,May,3487,1662,47.66,37.13
Lucknow,May,3487,1662,47.66,37.13
Lucknow,May,3487,1662,47.66,37.13
Lucknow,May,3487,1662,47.66,37.13
Lucknow,May,3487,1662,47.66,37.13
Lucknow,May,3487,1662,47.66,37.13
Lucknow,May,3487,1662,47.66,37.13
Lucknow,May,3487,1662,47.66,37.13
Lucknow,May,3487,1662,47.66,37.13
Lucknow,May,3487,1662,47.66,37.13
Lucknow,May,3487,1662,47.66,37.13
Lucknow,May,3487,1662,47.66,37.13
Lucknow,May,3487,1662,47.66,37.13
Lucknow,May,3487,1662,47.66,37.13
Lucknow,May,3487,1662,47.66,37.13
Lucknow,May,3487,1662,47.66,37.13
Lucknow,May,3487,1662,47.66,37.13
Lucknow,May,3487,1662,47.66,37.13
Lucknow,May,3487,1662,47.66,37.13
Lucknow,June,3698,1727,46.7,37.13
Lucknow,June,3698,1727,46.7,37.13
Lucknow,June,3698,1727,46.7,37.13
Lucknow,June,3698,1727,46.7,37.13
Lucknow,June,3698,1727,46.7,37.13
Lucknow,June,3698,1727,46.7,37.13
Lucknow,June,3698,1727,46.7,37.13
Lucknow,June,3698,1727,46.7,37.13
Lucknow,June,3698,1727,46.7,37.13
Lucknow,June,3698,1727,46.7,37.13
Lucknow,June,3698,1727,46.7,37.13
Lucknow,June,3698,1727,46.7,37.13
Lucknow,January,4896,1431,29.23,37.13
Lucknow,June,3698,1727,46.7,37.13
Lucknow,January,4896,1431,29.23,37.13
Lucknow,January,4896,1431,29.23,37.13
Lucknow,January,4896,1431,29.23,37.13
Lucknow,January,4896,1431,29.23,37.13
Lucknow,January,4896,1431,29.23,37.13
Lucknow,June,3698,1727,46.7,37.13
Lucknow,January,4896,1431,29.23,37.13
Lucknow,January,4896,1431,29.23,37.13
Lucknow,January,4896,1431,29.23,37.13
Lucknow,January,4896,1431,29.23,37.13
Lucknow,January,4896,1431,29.23,37.13
Lucknow,June,3698,1727,46.7,37.13
Lucknow,January,4896,1431,29.23,37.13
Lucknow,January,4896,1431,29.23,37.13
Lucknow,January,4896,1431,29.23,37.13
Lucknow,January,4896,1431,29.23,37.13
Lucknow,January,4896,1431,29.23,37.13
Lucknow,June,3698,1727,46.7,37.13
Lucknow,January,4896,1431,29.23,37.13
Lucknow,January,4896,1431,29.23,37.13
Lucknow,January,4896,1431,29.23,37.13
Lucknow,January,4896,1431,29.23,37.13
Lucknow,January,4896,1431,29.23,37.13
Lucknow,June,3698,1727,46.7,37.13
Lucknow,January,4896,1431,29.23,37.13
Lucknow,January,4896,1431,29.23,37.13
Lucknow,January,4896,1431,29.23,37.13
Lucknow,January,4896,1431,29.23,37.13
Lucknow,January,4896,1431,29.23,37.13
Lucknow,June,3698,1727,46.7,37.13
Lucknow,January,4896,1431,29.23,37.13
Lucknow,January,4896,1431,29.23,37.13
Lucknow,January,4896,1431,29.23,37.13
Lucknow,January,4896,1431,29.23,37.13
Lucknow,January,4896,1431,29.23,37.13
Lucknow,June,3698,1727,46.7,37.13
Lucknow,February,5188,1659,31.98,37.13
Lucknow,February,5188,1659,31.98,37.13
Lucknow,February,5188,1659,31.98,37.13
Lucknow,February,5188,1659,31.98,37.13
Lucknow,February,5188,1659,31.98,37.13
Lucknow,June,3698,1727,46.7,37.13
Lucknow,February,5188,1659,31.98,37.13
Lucknow,February,5188,1659,31.98,37.13
Lucknow,February,5188,1659,31.98,37.13
Lucknow,February,5188,1659,31.98,37.13
Lucknow,February,5188,1659,31.98,37.13
Lucknow,June,3698,1727,46.7,37.13
Lucknow,February,5188,1659,31.98,37.13
Lucknow,February,5188,1659,31.98,37.13
Lucknow,February,5188,1659,31.98,37.13
Lucknow,February,5188,1659,31.98,37.13
Lucknow,February,5188,1659,31.98,37.13
Lucknow,June,3698,1727,46.7,37.13
Lucknow,February,5188,1659,31.98,37.13
Lucknow,February,5188,1659,31.98,37.13
Lucknow,February,5188,1659,31.98,37.13
Lucknow,February,5188,1659,31.98,37.13
Lucknow,February,5188,1659,31.98,37.13
Lucknow,June,3698,1727,46.7,37.13
Lucknow,February,5188,1659,31.98,37.13
Lucknow,February,5188,1659,31.98,37.13
Lucknow,February,5188,1659,31.98,37.13
Lucknow,February,5188,1659,31.98,37.13
Lucknow,February,5188,1659,31.98,37.13
Lucknow,June,3698,1727,46.7,37.13
Lucknow,February,5188,1659,31.98,37.13
Lucknow,February,5188,1659,31.98,37.13
Lucknow,February,5188,1659,31.98,37.13
Lucknow,February,5188,1659,31.98,37.13
Lucknow,March,4781,1622,33.93,37.13
Lucknow,June,3698,1727,46.7,37.13
Lucknow,March,4781,1622,33.93,37.13
Lucknow,March,4781,1622,33.93,37.13
Lucknow,March,4781,1622,33.93,37.13
Lucknow,March,4781,1622,33.93,37.13
Lucknow,March,4781,1622,33.93,37.13
Lucknow,June,3698,1727,46.7,37.13
Lucknow,March,4781,1622,33.93,37.13
Lucknow,March,4781,1622,33.93,37.13
Lucknow,March,4781,1622,33.93,37.13
Lucknow,March,4781,1622,33.93,37.13
Lucknow,March,4781,1622,33.93,37.13
Lucknow,June,3698,1727,46.7,37.13
Lucknow,March,4781,1622,33.93,37.13
Lucknow,March,4781,1622,33.93,37.13
Lucknow,March,4781,1622,33.93,37.13
Lucknow,March,4781,1622,33.93,37.13
Lucknow,March,4781,1622,33.93,37.13
Lucknow,June,3698,1727,46.7,37.13
Lucknow,March,4781,1622,33.93,37.13
Lucknow,March,4781,1622,33.93,37.13
Lucknow,March,4781,1622,33.93,37.13
Lucknow,March,4781,1622,33.93,37.13
Lucknow,March,4781,1622,33.93,37.13
Lucknow,June,3698,1727,46.7,37.13
Lucknow,March,4781,1622,33.93,37.13
Lucknow,March,4781,1622,33.93,37.13
Lucknow,March,4781,1622,33.93,37.13
Lucknow,March,4781,1622,33.93,37.13
Lucknow,March,4781,1622,33.93,37.13
Lucknow,June,3698,1727,46.7,37.13
Lucknow,March,4781,1622,33.93,37.13
Lucknow,March,4781,1622,33.93,37.13
Lucknow,March,4781,1622,33.93,37.13
Lucknow,March,4781,1622,33.93,37.13
Lucknow,March,4781,1622,33.93,37.13
Mysore,March,2194,208,9.48,11.24
Mysore,January,2129,172,8.08,11.24
Mysore,May,2270,349,15.37,11.24
Mysore,April,2072,236,11.39,11.24
Mysore,April,2072,236,11.39,11.24
Mysore,April,2072,236,11.39,11.24
Mysore,June,2203,329,14.93,11.24
Mysore,June,2203,329,14.93,11.24
Mysore,January,2129,172,8.08,11.24
Mysore,March,2194,208,9.48,11.24
Mysore,March,2194,208,9.48,11.24
Mysore,January,2129,172,8.08,11.24
Mysore,June,2203,329,14.93,11.24
Mysore,April,2072,236,11.39,11.24
Mysore,February,2290,183,7.99,11.24
Mysore,May,2270,349,15.37,11.24
Mysore,March,2194,208,9.48,11.24
Mysore,April,2072,236,11.39,11.24
Mysore,May,2270,349,15.37,11.24
Mysore,March,2194,208,9.48,11.24
Mysore,June,2203,329,14.93,11.24
Mysore,March,2194,208,9.48,11.24
Mysore,March,2194,208,9.48,11.24
Mysore,April,2072,236,11.39,11.24
Mysore,May,2270,349,15.37,11.24
Mysore,March,2194,208,9.48,11.24
Mysore,February,2290,183,7.99,11.24
Mysore,June,2203,329,14.93,11.24
Mysore,May,2270,349,15.37,11.24
Mysore,April,2072,236,11.39,11.24
Mysore,January,2129,172,8.08,11.24
Mysore,March,2194,208,9.48,11.24
Mysore,January,2129,172,8.08,11.24
Mysore,April,2072,236,11.39,11.24
Mysore,March,2194,208,9.48,11.24
Mysore,June,2203,329,14.93,11.24
Mysore,April,2072,236,11.39,11.24
Mysore,February,2290,183,7.99,11.24
Mysore,March,2194,208,9.48,11.24
Mysore,April,2072,236,11.39,11.24
Mysore,March,2194,208,9.48,11.24
Mysore,June,2203,329,14.93,11.24
Mysore,May,2270,349,15.37,11.24
Mysore,April,2072,236,11.39,11.24
Mysore,June,2203,329,14.93,11.24
Mysore,January,2129,172,8.08,11.24
Mysore,March,2194,208,9.48,11.24
Mysore,June,2203,329,14.93,11.24
Mysore,March,2194,208,9.48,11.24
Mysore,March,2194,208,9.48,11.24
Mysore,February,2290,183,7.99,11.24
Mysore,April,2072,236,11.39,11.24
Mysore,May,2270,349,15.37,11.24
Mysore,April,2072,236,11.39,11.24
Mysore,March,2194,208,9.48,11.24
Mysore,May,2270,349,15.37,11.24
Mysore,March,2194,208,9.48,11.24
Mysore,June,2203,329,14.93,11.24
Mysore,January,2129,172,8.08,11.24
Mysore,February,2290,183,7.99,11.24
Mysore,March,2194,208,9.48,11.24
Mysore,June,2203,329,14.93,11.24
Mysore,March,2194,208,9.48,11.24
Mysore,April,2072,236,11.39,11.24
Mysore,April,2072,236,11.39,11.24
Mysore,March,2194,208,9.48,11.24
Mysore,March,2194,208,9.48,11.24
Mysore,February,2290,183,7.99,11.24
Mysore,April,2072,236,11.39,11.24
Mysore,May,2270,349,15.37,11.24
Mysore,June,2203,329,14.93,11.24
Mysore,February,2290,183,7.99,11.24
Mysore,January,2129,172,8.08,11.24
Mysore,April,2072,236,11.39,11.24
Mysore,March,2194,208,9.48,11.24
Mysore,April,2072,236,11.39,11.24
Mysore,June,2203,329,14.93,11.24
Mysore,May,2270,349,15.37,11.24
Mysore,June,2203,329,14.93,11.24
Mysore,February,2290,183,7.99,11.24
Mysore,February,2290,183,7.99,11.24
Mysore,March,2194,208,9.48,11.24
Mysore,May,2270,349,15.37,11.24
Mysore,April,2072,236,11.39,11.24
Mysore,June,2203,329,14.93,11.24
Mysore,January,2129,172,8.08,11.24
Mysore,May,2270,349,15.37,11.24
Mysore,April,2072,236,11.39,11.24
Mysore,June,2203,329,14.93,11.24
Mysore,February,2290,183,7.99,11.24
Mysore,March,2194,208,9.48,11.24
Mysore,February,2290,183,7.99,11.24
Mysore,February,2290,183,7.99,11.24
Mysore,April,2072,236,11.39,11.24
Mysore,June,2203,329,14.93,11.24
Mysore,January,2129,172,8.08,11.24
Mysore,February,2290,183,7.99,11.24
Mysore,May,2270,349,15.37,11.24
Mysore,April,2072,236,11.39,11.24
Mysore,May,2270,349,15.37,11.24
Mysore,March,2194,208,9.48,11.24
Mysore,June,2203,329,14.93,11.24
Mysore,February,2290,183,7.99,11.24
Mysore,April,2072,236,11.39,11.24
Mysore,March,2194,208,9.48,11.24
Mysore,February,2290,183,7.99,11.24
Mysore,April,2072,236,11.39,11.24
Mysore,January,2129,172,8.08,11.24
Mysore,June,2203,329,14.93,11.24
Mysore,May,2270,349,15.37,11.24
Mysore,March,2194,208,9.48,11.24
Mysore,February,2290,183,7.99,11.24
Mysore,May,2270,349,15.37,11.24
Mysore,April,2072,236,11.39,11.24
Mysore,February,2290,183,7.99,11.24
Mysore,June,2203,329,14.93,11.24
Mysore,April,2072,236,11.39,11.24
Mysore,March,2194,208,9.48,11.24
Mysore,January,2129,172,8.08,11.24
Mysore,April,2072,236,11.39,11.24
Mysore,February,2290,183,7.99,11.24
Mysore,February,2290,183,7.99,11.24
Mysore,January,2129,172,8.08,11.24
Mysore,May,2270,349,15.37,11.24
Mysore,June,2203,329,14.93,11.24
Mysore,January,2129,172,8.08,11.24
Mysore,May,2270,349,15.37,11.24
Mysore,January,2129,172,8.08,11.24
Mysore,March,2194,208,9.48,11.24
Mysore,February,2290,183,7.99,11.24
Mysore,January,2129,172,8.08,11.24
Mysore,June,2203,329,14.93,11.24
Mysore,February,2290,183,7.99,11.24
Mysore,May,2270,349,15.37,11.24
Mysore,January,2129,172,8.08,11.24
Mysore,January,2129,172,8.08,11.24
Mysore,February,2290,183,7.99,11.24
Mysore,May,2270,349,15.37,11.24
Mysore,March,2194,208,9.48,11.24
Mysore,January,2129,172,8.08,11.24
Mysore,June,2203,329,14.93,11.24
Mysore,January,2129,172,8.08,11.24
Mysore,February,2290,183,7.99,11.24
Mysore,May,2270,349,15.37,11.24
Mysore,May,2270,349,15.37,11.24
Mysore,February,2290,183,7.99,11.24
Mysore,June,2203,329,14.93,11.24
Mysore,January,2129,172,8.08,11.24
Mysore,January,2129,172,8.08,11.24
Mysore,May,2270,349,15.37,11.24
Mysore,June,2203,329,14.93,11.24
Mysore,February,2290,183,7.99,11.24
Mysore,March,2194,208,9.48,11.24
Mysore,May,2270,349,15.37,11.24
Mysore,February,2290,183,7.99,11.24
Mysore,January,2129,172,8.08,11.24
Mysore,May,2270,349,15.37,11.24
Mysore,June,2203,329,14.93,11.24
Mysore,April,2072,236,11.39,11.24
Mysore,January,2129,172,8.08,11.24
Mysore,February,2290,183,7.99,11.24
Mysore,January,2129,172,8.08,11.24
Mysore,May,2270,349,15.37,11.24
Mysore,May,2270,349,15.37,11.24
Mysore,January,2129,172,8.08,11.24
Mysore,May,2270,349,15.37,11.24
Mysore,June,2203,329,14.93,11.24
Mysore,January,2129,172,8.08,11.24
Mysore,April,2072,236,11.39,11.24
Mysore,February,2290,183,7.99,11.24
Mysore,June,2203,329,14.93,11.24
Mysore,January,2129,172,8.08,11.24
Mysore,January,2129,172,8.08,11.24
Mysore,May,2270,349,15.37,11.24
Mysore,January,2129,172,8.08,11.24
Mysore,April,2072,236,11.39,11.24
Mysore,February,2290,183,7.99,11.24
Mysore,May,2270,349,15.37,11.24
Mysore,June,2203,329,14.93,11.24
Mysore,January,2129,172,8.08,11.24
Mysore,May,2270,349,15.37,11.24
Mysore,June,2203,329,14.93,11.24
Surat,April,3394,1551,45.7,42.65
Surat,March,3440,1494,43.43,42.65
Surat,May,3217,1606,49.92,42.65
Surat,April,3394,1551,45.7,42.65
Surat,January,3616,1184,32.74,42.65
Surat,May,3217,1606,49.92,42.65
Surat,January,3616,1184,32.74,42.65
Surat,May,3217,1606,49.92,42.65
Surat,March,3440,1494,43.43,42.65
Surat,January,3616,1184,32.74,42.65
Surat,April,3394,1551,45.7,42.65
Surat,April,3394,1551,45.7,42.65
Surat,January,3616,1184,32.74,42.65
Surat,March,3440,1494,43.43,42.65
Surat,May,3217,1606,49.92,42.65
Surat,March,3440,1494,43.43,42.65
Surat,March,3440,1494,43.43,42.65
Surat,January,3616,1184,32.74,42.65
Surat,April,3394,1551,45.7,42.65
Surat,May,3217,1606,49.92,42.65
Surat,January,3616,1184,32.74,42.65
Surat,May,3217,1606,49.92,42.65
Surat,March,3440,1494,43.43,42.65
Surat,January,3616,1184,32.74,42.65
Surat,May,3217,1606,49.92,42.65
Surat,January,3616,1184,32.74,42.65
Surat,April,3394,1551,45.7,42.65
Surat,March,3440,1494,43.43,42.65
Surat,January,3616,1184,32.74,42.65
Surat,June,3030,1490,49.17,42.65
Surat,January,3616,1184,32.74,42.65
Surat,March,3440,1494,43.43,42.65
Surat,June,3030,1490,49.17,42.65
Surat,April,3394,1551,45.7,42.65
Surat,January,3616,1184,32.74,42.65
Surat,March,3440,1494,43.43,42.65
Surat,January,3616,1184,32.74,42.65
Surat,June,3030,1490,49.17,42.65
Surat,March,3440,1494,43.43,42.65
Surat,January,3616,1184,32.74,42.65
Surat,January,3616,1184,32.74,42.65
Surat,April,3394,1551,45.7,42.65
Surat,June,3030,1490,49.17,42.65
Surat,March,3440,1494,43.43,42.65
Surat,January,3616,1184,32.74,42.65
Surat,March,3440,1494,43.43,42.65
Surat,June,3030,1490,49.17,42.65
Surat,April,3394,1551,45.7,42.65
Surat,April,3394,1551,45.7,42.65
Surat,January,3616,1184,32.74,42.65
Surat,June,3030,1490,49.17,42.65
Surat,February,3567,1313,36.81,42.65
Surat,January,3616,1184,32.74,42.65
Surat,June,3030,1490,49.17,42.65
Surat,January,3616,1184,32.74,42.65
Surat,April,3394,1551,45.7,42.65
Surat,February,3567,1313,36.81,42.65
Surat,June,3030,1490,49.17,42.65
Surat,January,3616,1184,32.74,42.65
Surat,April,3394,1551,45.7,42.65
Surat,January,3616,1184,32.74,42.65
Surat,February,3567,1313,36.81,42.65
Surat,June,3030,1490,49.17,42.65
Surat,April,3394,1551,45.7,42.65
Surat,January,3616,1184,32.74,42.65
Surat,June,3030,1490,49.17,42.65
Surat,April,3394,1551,45.7,42.65
Surat,January,3616,1184,32.74,42.65
Surat,June,3030,1490,49.17,42.65
Surat,March,3440,1494,43.43,42.65
Surat,April,3394,1551,45.7,42.65
Surat,April,3394,1551,45.7,42.65
Surat,June,3030,1490,49.17,42.65
Surat,March,3440,1494,43.43,42.65
Surat,February,3567,1313,36.81,42.65
Surat,June,3030,1490,49.17,42.65
Surat,April,3394,1551,45.7,42.65
Surat,April,3394,1551,45.7,42.65
Surat,June,3030,1490,49.17,42.65
Surat,March,3440,1494,43.43,42.65
Surat,June,3030,1490,49.17,42.65
Surat,February,3567,1313,36.81,42.65
Surat,April,3394,1551,45.7,42.65
Surat,March,3440,1494,43.43,42.65
Surat,June,3030,1490,49.17,42.65
Surat,April,3394,1551,45.7,42.65
Surat,February,3567,1313,36.81,42.65
Surat,March,3440,1494,43.43,42.65
Surat,April,3394,1551,45.7,42.65
Surat,June,3030,1490,49.17,42.65
Surat,March,3440,1494,43.43,42.65
Surat,February,3567,1313,36.81,42.65
Surat,March,3440,1494,43.43,42.65
Surat,May,3217,1606,49.92,42.65
Surat,June,3030,1490,49.17,42.65
Surat,April,3394,1551,45.7,42.65
Surat,June,3030,1490,49.17,42.65
Surat,February,3567,1313,36.81,42.65
Surat,March,3440,1494,43.43,42.65
Surat,June,3030,1490,49.17,42.65
Surat,May,3217,1606,49.92,42.65
Surat,March,3440,1494,43.43,42.65
Surat,June,3030,1490,49.17,42.65
Surat,April,3394,1551,45.7,42.65
Surat,February,3567,1313,36.81,42.65
Surat,March,3440,1494,43.43,42.65
Surat,June,3030,1490,49.17,42.65
Surat,May,3217,1606,49.92,42.65
Surat,March,3440,1494,43.43,42.65
Surat,June,3030,1490,49.17,42.65
Surat,March,3440,1494,43.43,42.65
Surat,February,3567,1313,36.81,42.65
Surat,April,3394,1551,45.7,42.65
Surat,June,3030,1490,49.17,42.65
Surat,March,3440,1494,43.43,42.65
Surat,May,3217,1606,49.92,42.65
Surat,February,3567,1313,36.81,42.65
Surat,June,3030,1490,49.17,42.65
Surat,April,3394,1551,45.7,42.65
Surat,March,3440,1494,43.43,42.65
Surat,June,3030,1490,49.17,42.65
Surat,February,3567,1313,36.81,42.65
Surat,April,3394,1551,45.7,42.65
Surat,May,3217,1606,49.92,42.65
Surat,June,3030,1490,49.17,42.65
Surat,April,3394,1551,45.7,42.65
Surat,March,3440,1494,43.43,42.65
Surat,February,3567,1313,36.81,42.65
Surat,June,3030,1490,49.17,42.65
Surat,April,3394,1551,45.7,42.65
Surat,May,3217,1606,49.92,42.65
Surat,March,3440,1494,43.43,42.65
Surat,March,3440,1494,43.43,42.65
Surat,June,3030,1490,49.17,42.65
Surat,February,3567,1313,36.81,42.65
Surat,February,3567,1313,36.81,42.65
Surat,May,3217,1606,49.92,42.65
Surat,January,3616,1184,32.74,42.65
Surat,April,3394,1551,45.7,42.65
Surat,February,3567,1313,36.81,42.65
Surat,May,3217,1606,49.92,42.65
Surat,February,3567,1313,36.81,42.65
Surat,May,3217,1606,49.92,42.65
Surat,February,3567,1313,36.81,42.65
Surat,February,3567,1313,36.81,42.65
Surat,May,3217,1606,49.92,42.65
Surat,February,3567,1313,36.81,42.65
Surat,May,3217,1606,49.92,42.65
Surat,February,3567,1313,36.81,42.65
Surat,May,3217,1606,49.92,42.65
Surat,March,3440,1494,43.43,42.65
Surat,February,3567,1313,36.81,42.65
Surat,May,3217,1606,49.92,42.65
Surat,February,3567,1313,36.81,42.65
Surat,February,3567,1313,36.81,42.65
Surat,May,3217,1606,49.92,42.65
Surat,February,3567,1313,36.81,42.65
Surat,May,3217,1606,49.92,42.65
Surat,February,3567,1313,36.81,42.65
Surat,June,3030,1490,49.17,42.65
Surat,May,3217,1606,49.92,42.65
Surat,February,3567,1313,36.81,42.65
Surat,February,3567,1313,36.81,42.65
Surat,May,3217,1606,49.92,42.65
Surat,April,3394,1551,45.7,42.65
Surat,February,3567,1313,36.81,42.65
Surat,May,3217,1606,49.92,42.65
Surat,January,3616,1184,32.74,42.65
Surat,May,3217,1606,49.92,42.65
Surat,January,3616,1184,32.74,42.65
Surat,May,3217,1606,49.92,42.65
Surat,January,3616,1184,32.74,42.65
Surat,January,3616,1184,32.74,42.65
Surat,May,3217,1606,49.92,42.65
Surat,March,3440,1494,43.43,42.65
Surat,January,3616,1184,32.74,42.65
Surat,May,3217,1606,49.92,42.65
Surat,January,3616,1184,32.74,42.65
Surat,May,3217,1606,49.92,42.65
Surat,January,3616,1184,32.74,42.65
Surat,May,3217,1606,49.92,42.65
Surat,January,3616,1184,32.74,42.65
Vadodara,February,2756,610,22.13,30.07
Vadodara,April,2499,862,34.49,30.07
Vadodara,March,2522,759,30.1,30.07
Vadodara,February,2756,610,22.13,30.07
Vadodara,March,2522,759,30.1,30.07
Vadodara,May,2256,868,38.48,30.07
Vadodara,March,2522,759,30.1,30.07
Vadodara,April,2499,862,34.49,30.07
Vadodara,June,1807,703,38.9,30.07
Vadodara,January,2633,544,20.66,30.07
Vadodara,March,2522,759,30.1,30.07
Vadodara,April,2499,862,34.49,30.07
Vadodara,January,2633,544,20.66,30.07
Vadodara,January,2633,544,20.66,30.07
Vadodara,March,2522,759,30.1,30.07
Vadodara,March,2522,759,30.1,30.07
Vadodara,May,2256,868,38.48,30.07
Vadodara,April,2499,862,34.49,30.07
Vadodara,May,2256,868,38.48,30.07
Vadodara,March,2522,759,30.1,30.07
Vadodara,May,2256,868,38.48,30.07
Vadodara,April,2499,862,34.49,30.07
Vadodara,March,2522,759,30.1,30.07
Vadodara,June,1807,703,38.9,30.07
Vadodara,January,2633,544,20.66,30.07
Vadodara,June,1807,703,38.9,30.07
Vadodara,March,2522,759,30.1,30.07
Vadodara,April,2499,862,34.49,30.07
Vadodara,February,2756,610,22.13,30.07
Vadodara,June,1807,703,38.9,30.07
Vadodara,March,2522,759,30.1,30.07
Vadodara,April,2499,862,34.49,30.07
Vadodara,January,2633,544,20.66,30.07
Vadodara,January,2633,544,20.66,30.07
Vadodara,February,2756,610,22.13,30.07
Vadodara,June,1807,703,38.9,30.07
Vadodara,April,2499,862,34.49,30.07
Vadodara,January,2633,544,20.66,30.07
Vadodara,April,2499,862,34.49,30.07
Vadodara,February,2756,610,22.13,30.07
Vadodara,April,2499,862,34.49,30.07
Vadodara,April,2499,862,34.49,30.07
Vadodara,February,2756,610,22.13,30.07
Vadodara,June,1807,703,38.9,30.07
Vadodara,January,2633,544,20.66,30.07
Vadodara,March,2522,759,30.1,30.07
Vadodara,April,2499,862,34.49,30.07
Vadodara,January,2633,544,20.66,30.07
Vadodara,March,2522,759,30.1,30.07
Vadodara,January,2633,544,20.66,30.07
Vadodara,February,2756,610,22.13,30.07
Vadodara,April,2499,862,34.49,30.07
Vadodara,April,2499,862,34.49,30.07
Vadodara,February,2756,610,22.13,30.07
Vadodara,May,2256,868,38.48,30.07
Vadodara,February,2756,610,22.13,30.07
Vadodara,January,2633,544,20.66,30.07
Vadodara,April,2499,862,34.49,30.07
Vadodara,January,2633,544,20.66,30.07
Vadodara,March,2522,759,30.1,30.07
Vadodara,February,2756,610,22.13,30.07
Vadodara,May,2256,868,38.48,30.07
Vadodara,May,2256,868,38.48,30.07
Vadodara,February,2756,610,22.13,30.07
Vadodara,June,1807,703,38.9,30.07
Vadodara,May,2256,868,38.48,30.07
Vadodara,February,2756,610,22.13,30.07
Vadodara,May,2256,868,38.48,30.07
Vadodara,May,2256,868,38.48,30.07
Vadodara,June,1807,703,38.9,30.07
Vadodara,January,2633,544,20.66,30.07
Vadodara,February,2756,610,22.13,30.07
Vadodara,May,2256,868,38.48,30.07
Vadodara,January,2633,544,20.66,30.07
Vadodara,January,2633,544,20.66,30.07
Vadodara,February,2756,610,22.13,30.07
Vadodara,January,2633,544,20.66,30.07
Vadodara,May,2256,868,38.48,30.07
Vadodara,January,2633,544,20.66,30.07
Vadodara,March,2522,759,30.1,30.07
Vadodara,February,2756,610,22.13,30.07
Vadodara,May,2256,868,38.48,30.07
Vadodara,May,2256,868,38.48,30.07
Vadodara,February,2756,610,22.13,30.07
Vadodara,June,1807,703,38.9,30.07
Vadodara,January,2633,544,20.66,30.07
Vadodara,February,2756,610,22.13,30.07
Vadodara,May,2256,868,38.48,30.07
Vadodara,January,2633,544,20.66,30.07
Vadodara,April,2499,862,34.49,30.07
Vadodara,March,2522,759,30.1,30.07
Vadodara,February,2756,610,22.13,30.07
Vadodara,April,2499,862,34.49,30.07
Vadodara,January,2633,544,20.66,30.07
Vadodara,June,1807,703,38.9,30.07
Vadodara,January,2633,544,20.66,30.07
Vadodara,March,2522,759,30.1,30.07
Vadodara,May,2256,868,38.48,30.07
Vadodara,February,2756,610,22.13,30.07
Vadodara,June,1807,703,38.9,30.07
Vadodara,May,2256,868,38.48,30.07
Vadodara,April,2499,862,34.49,30.07
Vadodara,April,2499,862,34.49,30.07
Vadodara,June,1807,703,38.9,30.07
Vadodara,March,2522,759,30.1,30.07
Vadodara,February,2756,610,22.13,30.07
Vadodara,May,2256,868,38.48,30.07
Vadodara,April,2499,862,34.49,30.07
Vadodara,June,1807,703,38.9,30.07
Vadodara,April,2499,862,34.49,30.07
Vadodara,January,2633,544,20.66,30.07
Vadodara,February,2756,610,22.13,30.07
Vadodara,March,2522,759,30.1,30.07
Vadodara,June,1807,703,38.9,30.07
Vadodara,March,2522,759,30.1,30.07
Vadodara,April,2499,862,34.49,30.07
Vadodara,March,2522,759,30.1,30.07
Vadodara,May,2256,868,38.48,30.07
Vadodara,June,1807,703,38.9,30.07
Vadodara,May,2256,868,38.48,30.07
Vadodara,January,2633,544,20.66,30.07
Vadodara,March,2522,759,30.1,30.07
Vadodara,February,2756,610,22.13,30.07
Vadodara,June,1807,703,38.9,30.07
Vadodara,April,2499,862,34.49,30.07
Vadodara,March,2522,759,30.1,30.07
Vadodara,March,2522,759,30.1,30.07
Vadodara,May,2256,868,38.48,30.07
Vadodara,June,1807,703,38.9,30.07
Vadodara,January,2633,544,20.66,30.07
Vadodara,May,2256,868,38.48,30.07
Vadodara,March,2522,759,30.1,30.07
Vadodara,February,2756,610,22.13,30.07
Vadodara,April,2499,862,34.49,30.07
Vadodara,June,1807,703,38.9,30.07
Vadodara,May,2256,868,38.48,30.07
Vadodara,April,2499,862,34.49,30.07
Vadodara,March,2522,759,30.1,30.07
Vadodara,May,2256,868,38.48,30.07
Vadodara,June,1807,703,38.9,30.07
Vadodara,January,2633,544,20.66,30.07
Vadodara,February,2756,610,22.13,30.07
Vadodara,April,2499,862,34.49,30.07
Vadodara,June,1807,703,38.9,30.07
Vadodara,May,2256,868,38.48,30.07
Vadodara,June,1807,703,38.9,30.07
Vadodara,January,2633,544,20.66,30.07
Vadodara,March,2522,759,30.1,30.07
Vadodara,February,2756,610,22.13,30.07
Vadodara,May,2256,868,38.48,30.07
Vadodara,June,1807,703,38.9,30.07
Vadodara,April,2499,862,34.49,30.07
Vadodara,March,2522,759,30.1,30.07
Vadodara,February,2756,610,22.13,30.07
Vadodara,June,1807,703,38.9,30.07
Vadodara,May,2256,868,38.48,30.07
Vadodara,March,2522,759,30.1,30.07
Vadodara,May,2256,868,38.48,30.07
Vadodara,June,1807,703,38.9,30.07
Vadodara,January,2633,544,20.66,30.07
Vadodara,January,2633,544,20.66,30.07
Vadodara,February,2756,610,22.13,30.07
Vadodara,April,2499,862,34.49,30.07
Vadodara,June,1807,703,38.9,30.07
Vadodara,June,1807,703,38.9,30.07
Vadodara,March,2522,759,30.1,30.07
Vadodara,May,2256,868,38.48,30.07
Vadodara,April,2499,862,34.49,30.07
Vadodara,May,2256,868,38.48,30.07
Vadodara,February,2756,610,22.13,30.07
Vadodara,June,1807,703,38.9,30.07
Vadodara,March,2522,759,30.1,30.07
Vadodara,June,1807,703,38.9,30.07
Vadodara,January,2633,544,20.66,30.07
Vadodara,May,2256,868,38.48,30.07
Vadodara,April,2499,862,34.49,30.07
Vadodara,January,2633,544,20.66,30.07
Vadodara,January,2633,544,20.66,30.07
Vadodara,February,2756,610,22.13,30.07
Vadodara,June,1807,703,38.9,30.07
Vadodara,June,1807,703,38.9,30.07
Vadodara,March,2522,759,30.1,30.07
Visakhapatnam,March,3093,923,29.84,28.61
Visakhapatnam,June,2702,802,29.68,28.61
Visakhapatnam,April,2837,992,34.97,28.61
Visakhapatnam,April,2837,992,34.97,28.61
Visakhapatnam,March,3093,923,29.84,28.61
Visakhapatnam,April,2837,992,34.97,28.61
Visakhapatnam,February,3170,790,24.92,28.61
Visakhapatnam,May,2890,951,32.91,28.61
Visakhapatnam,March,3093,923,29.84,28.61
Visakhapatnam,March,3093,923,29.84,28.61
Visakhapatnam,April,2837,992,34.97,28.61
Visakhapatnam,June,2702,802,29.68,28.61
Visakhapatnam,March,3093,923,29.84,28.61
Visakhapatnam,March,3093,923,29.84,28.61
Visakhapatnam,January,3163,650,20.55,28.61
Visakhapatnam,April,2837,992,34.97,28.61
Visakhapatnam,March,3093,923,29.84,28.61
Visakhapatnam,April,2837,992,34.97,28.61
Visakhapatnam,March,3093,923,29.84,28.61
Visakhapatnam,April,2837,992,34.97,28.61
Visakhapatnam,February,3170,790,24.92,28.61
Visakhapatnam,June,2702,802,29.68,28.61
Visakhapatnam,March,3093,923,29.84,28.61
Visakhapatnam,March,3093,923,29.84,28.61
Visakhapatnam,March,3093,923,29.84,28.61
Visakhapatnam,April,2837,992,34.97,28.61
Visakhapatnam,April,2837,992,34.97,28.61
Visakhapatnam,May,2890,951,32.91,28.61
Visakhapatnam,April,2837,992,34.97,28.61
Visakhapatnam,January,3163,650,20.55,28.61
Visakhapatnam,May,2890,951,32.91,28.61
Visakhapatnam,June,2702,802,29.68,28.61
Visakhapatnam,March,3093,923,29.84,28.61
Visakhapatnam,February,3170,790,24.92,28.61
Visakhapatnam,March,3093,923,29.84,28.61
Visakhapatnam,April,2837,992,34.97,28.61
Visakhapatnam,February,3170,790,24.92,28.61
Visakhapatnam,February,3170,790,24.92,28.61
Visakhapatnam,April,2837,992,34.97,28.61
Visakhapatnam,February,3170,790,24.92,28.61
Visakhapatnam,January,3163,650,20.55,28.61
Visakhapatnam,June,2702,802,29.68,28.61
Visakhapatnam,April,2837,992,34.97,28.61
Visakhapatnam,April,2837,992,34.97,28.61
Visakhapatnam,March,3093,923,29.84,28.61
Visakhapatnam,May,2890,951,32.91,28.61
Visakhapatnam,February,3170,790,24.92,28.61
Visakhapatnam,April,2837,992,34.97,28.61
Visakhapatnam,February,3170,790,24.92,28.61
Visakhapatnam,February,3170,790,24.92,28.61
Visakhapatnam,March,3093,923,29.84,28.61
Visakhapatnam,June,2702,802,29.68,28.61
Visakhapatnam,January,3163,650,20.55,28.61
Visakhapatnam,May,2890,951,32.91,28.61
Visakhapatnam,April,2837,992,34.97,28.61
Visakhapatnam,May,2890,951,32.91,28.61
Visakhapatnam,April,2837,992,34.97,28.61
Visakhapatnam,February,3170,790,24.92,28.61
Visakhapatnam,April,2837,992,34.97,28.61
Visakhapatnam,February,3170,790,24.92,28.61
Visakhapatnam,April,2837,992,34.97,28.61
Visakhapatnam,June,2702,802,29.68,28.61
Visakhapatnam,May,2890,951,32.91,28.61
Visakhapatnam,February,3170,790,24.92,28.61
Visakhapatnam,March,3093,923,29.84,28.61
Visakhapatnam,May,2890,951,32.91,28.61
Visakhapatnam,February,3170,790,24.92,28.61
Visakhapatnam,May,2890,951,32.91,28.61
Visakhapatnam,March,3093,923,29.84,28.61
Visakhapatnam,May,2890,951,32.91,28.61
Visakhapatnam,May,2890,951,32.91,28.61
Visakhapatnam,June,2702,802,29.68,28.61
Visakhapatnam,February,3170,790,24.92,28.61
Visakhapatnam,February,3170,790,24.92,28.61
Visakhapatnam,February,3170,790,24.92,28.61
Visakhapatnam,April,2837,992,34.97,28.61
Visakhapatnam,May,2890,951,32.91,28.61
Visakhapatnam,February,3170,790,24.92,28.61
Visakhapatnam,May,2890,951,32.91,28.61
Visakhapatnam,February,3170,790,24.92,28.61
Visakhapatnam,March,3093,923,29.84,28.61
Visakhapatnam,June,2702,802,29.68,28.61
Visakhapatnam,May,2890,951,32.91,28.61
Visakhapatnam,February,3170,790,24.92,28.61
Visakhapatnam,May,2890,951,32.91,28.61
Visakhapatnam,February,3170,790,24.92,28.61
Visakhapatnam,February,3170,790,24.92,28.61
Visakhapatnam,March,3093,923,29.84,28.61
Visakhapatnam,February,3170,790,24.92,28.61
Visakhapatnam,January,3163,650,20.55,28.61
Visakhapatnam,January,3163,650,20.55,28.61
Visakhapatnam,June,2702,802,29.68,28.61
Visakhapatnam,March,3093,923,29.84,28.61
Visakhapatnam,April,2837,992,34.97,28.61
Visakhapatnam,May,2890,951,32.91,28.61
Visakhapatnam,January,3163,650,20.55,28.61
Visakhapatnam,May,2890,951,32.91,28.61
Visakhapatnam,May,2890,951,32.91,28.61
Visakhapatnam,January,3163,650,20.55,28.61
Visakhapatnam,January,3163,650,20.55,28.61
Visakhapatnam,June,2702,802,29.68,28.61
Visakhapatnam,June,2702,802,29.68,28.61
Visakhapatnam,March,3093,923,29.84,28.61
Visakhapatnam,February,3170,790,24.92,28.61
Visakhapatnam,January,3163,650,20.55,28.61
Visakhapatnam,January,3163,650,20.55,28.61
Visakhapatnam,January,3163,650,20.55,28.61
Visakhapatnam,May,2890,951,32.91,28.61
Visakhapatnam,April,2837,992,34.97,28.61
Visakhapatnam,June,2702,802,29.68,28.61
Visakhapatnam,April,2837,992,34.97,28.61
Visakhapatnam,June,2702,802,29.68,28.61
Visakhapatnam,March,3093,923,29.84,28.61
Visakhapatnam,May,2890,951,32.91,28.61
Visakhapatnam,January,3163,650,20.55,28.61
Visakhapatnam,March,3093,923,29.84,28.61
Visakhapatnam,June,2702,802,29.68,28.61
Visakhapatnam,January,3163,650,20.55,28.61
Visakhapatnam,June,2702,802,29.68,28.61
Visakhapatnam,January,3163,650,20.55,28.61
Visakhapatnam,February,3170,790,24.92,28.61
Visakhapatnam,June,2702,802,29.68,28.61
Visakhapatnam,March,3093,923,29.84,28.61
Visakhapatnam,May,2890,951,32.91,28.61
Visakhapatnam,January,3163,650,20.55,28.61
Visakhapatnam,April,2837,992,34.97,28.61
Visakhapatnam,January,3163,650,20.55,28.61
Visakhapatnam,April,2837,992,34.97,28.61
Visakhapatnam,May,2890,951,32.91,28.61
Visakhapatnam,January,3163,650,20.55,28.61
Visakhapatnam,May,2890,951,32.91,28.61
Visakhapatnam,June,2702,802,29.68,28.61
Visakhapatnam,March,3093,923,29.84,28.61
Visakhapatnam,January,3163,650,20.55,28.61
Visakhapatnam,June,2702,802,29.68,28.61
Visakhapatnam,March,3093,923,29.84,28.61
Visakhapatnam,June,2702,802,29.68,28.61
Visakhapatnam,February,3170,790,24.92,28.61
Visakhapatnam,May,2890,951,32.91,28.61
Visakhapatnam,May,2890,951,32.91,28.61
Visakhapatnam,January,3163,650,20.55,28.61
Visakhapatnam,June,2702,802,29.68,28.61
Visakhapatnam,June,2702,802,29.68,28.61
Visakhapatnam,April,2837,992,34.97,28.61
Visakhapatnam,April,2837,992,34.97,28.61
Visakhapatnam,March,3093,923,29.84,28.61
Visakhapatnam,January,3163,650,20.55,28.61
Visakhapatnam,May,2890,951,32.91,28.61
Visakhapatnam,January,3163,650,20.55,28.61
Visakhapatnam,January,3163,650,20.55,28.61
Visakhapatnam,February,3170,790,24.92,28.61
Visakhapatnam,June,2702,802,29.68,28.61
Visakhapatnam,February,3170,790,24.92,28.61
Visakhapatnam,May,2890,951,32.91,28.61
Visakhapatnam,June,2702,802,29.68,28.61
Visakhapatnam,January,3163,650,20.55,28.61
Visakhapatnam,March,3093,923,29.84,28.61
Visakhapatnam,May,2890,951,32.91,28.61
Visakhapatnam,January,3163,650,20.55,28.61
Visakhapatnam,June,2702,802,29.68,28.61
Visakhapatnam,April,2837,992,34.97,28.61
Visakhapatnam,June,2702,802,29.68,28.61
Visakhapatnam,March,3093,923,29.84,28.61
Visakhapatnam,January,3163,650,20.55,28.61
Visakhapatnam,January,3163,650,20.55,28.61
Visakhapatnam,February,3170,790,24.92,28.61
Visakhapatnam,March,3093,923,29.84,28.61
Visakhapatnam,May,2890,951,32.91,28.61
Visakhapatnam,June,2702,802,29.68,28.61
Visakhapatnam,February,3170,790,24.92,28.61
Visakhapatnam,January,3163,650,20.55,28.61
Visakhapatnam,June,2702,802,29.68,28.61
Visakhapatnam,May,2890,951,32.91,28.61
Visakhapatnam,June,2702,802,29.68,28.61
Visakhapatnam,January,3163,650,20.55,28.61
Visakhapatnam,April,2837,992,34.97,28.61
Visakhapatnam,March,3093,923,29.84,28.61
Visakhapatnam,January,3163,650,20.55,28.61
Visakhapatnam,April,2837,992,34.97,28.61
Visakhapatnam,May,2890,951,32.91,28.61
Visakhapatnam,January,3163,650,20.55,28.61
Visakhapatnam,June,2702,802,29.68,28.61
